"Date","Price","Open","High","Low","Vol.","Change %"
"03/24/2023","823.28","825.09","826.32","809.79","242.31M","-0.57%"
"03/23/2023","828.00","841.14","855.40","814.89","278.70M","0.19%"
"03/22/2023","826.47","857.81","862.76","825.95","282.97M","-3.03%"
"03/21/2023","852.26","820.48","853.69","820.48","299.94M","6.51%"
"03/20/2023","800.19","782.81","813.01","777.18","279.27M","1.38%"
"03/17/2023","789.32","808.44","812.33","779.43","508.03M","-2.51%"
"03/16/2023","809.63","792.82","815.50","787.44","281.66M","1.91%"
"03/15/2023","794.47","795.00","799.68","776.80","348.59M","-1.85%"
"03/14/2023","809.41","793.70","812.66","793.70","328.78M","3.64%"
"03/13/2023","780.98","758.56","792.66","742.57","388.74M","0.00%"
"03/10/2023","781.01","792.08","803.00","765.20","354.05M","-0.60%"
"03/09/2023","785.76","817.94","832.78","784.68","322.24M","-4.55%"
"03/08/2023","823.19","830.88","835.98","815.07","311.64M","-2.04%"
"03/07/2023","840.36","855.22","862.93","836.65","363.74M","-2.84%"
"03/06/2023","864.92","882.32","882.32","860.84","248.52M","-1.63%"
"03/03/2023","879.23","865.33","887.38","860.19","325.94M","3.40%"
"03/02/2023","850.33","833.31","855.88","830.35","342.81M","-3.94%"
"03/01/2023","885.23","897.84","901.76","873.12","367.62M","-1.23%"
"02/28/2023","896.22","911.80","913.32","889.86","298.24M","-0.68%"
"02/27/2023","902.37","884.99","909.15","883.59","286.43M","4.18%"
"02/24/2023","866.13","861.79","868.68","851.07","267.31M","-2.18%"
"02/23/2023","885.42","895.60","899.46","864.68","331.46M","0.02%"
"02/22/2023","885.27","876.03","890.14","856.76","305.11M","1.23%"
"02/21/2023","874.55","905.67","921.59","874.31","318.82M","-4.89%"
"02/17/2023","919.49","892.28","919.50","882.07","328.91M","2.19%"
"02/16/2023","899.78","926.02","949.84","899.10","372.43M","-4.23%"
"02/15/2023","939.52","925.75","939.55","908.91","332.10M","2.15%"
"02/14/2023","919.74","860.22","922.35","852.26","355.36M","5.62%"
"02/13/2023","870.78","864.25","874.05","845.28","289.49M","-0.29%"
"02/10/2023","873.31","889.82","901.00","859.76","338.87M","-4.14%"
"02/09/2023","911.03","915.57","939.91","902.31","385.06M","1.99%"
"02/08/2023","893.28","875.80","900.65","870.62","305.35M","1.53%"
"02/07/2023","879.82","876.48","882.65","852.82","340.40M","0.89%"
"02/06/2023","872.06","865.22","880.13","853.57","331.09M","1.70%"
"02/03/2023","857.51","839.46","888.70","836.69","489.53M","-0.39%"
"02/02/2023","860.89","852.07","890.64","841.85","479.28M","3.73%"
"02/01/2023","829.90","803.63","839.22","788.89","397.48M","3.54%"
"01/31/2023","801.53","769.65","803.49","764.53","424.74M","4.15%"
"01/30/2023","769.60","810.83","812.81","768.91","480.35M","-5.16%"
"01/27/2023","811.48","754.48","821.75","751.07","690.79M","8.67%"
"01/26/2023","746.75","748.02","751.33","727.49","372.29M","7.34%"
"01/25/2023","695.69","684.12","701.68","670.52","286.58M","0.38%"
"01/24/2023","693.07","689.65","701.05","682.78","270.68M","-0.12%"
"01/23/2023","693.88","662.85","698.94","658.66","362.37M","6.09%"
"01/20/2023","654.03","637.20","654.50","631.75","256.68M","3.50%"
"01/19/2023","631.94","635.79","642.22","620.82","303.51M","-1.57%"
"01/18/2023","641.99","671.04","671.05","637.14","315.20M","-1.66%"
"01/17/2023","652.84","635.65","653.62","632.14","323.57M","4.48%"
"01/13/2023","624.85","607.58","625.42","599.52","385.87M","-1.62%"
"01/12/2023","635.12","629.45","637.90","610.20","333.68M","0.79%"
"01/11/2023","630.16","623.85","637.78","618.83","347.67M","2.94%"
"01/10/2023","612.18","615.55","621.80","594.50","289.24M","0.19%"
"01/09/2023","611.00","609.11","626.18","602.65","317.43M","3.65%"
"01/06/2023","589.51","551.17","594.08","549.57","340.19M","2.42%"
"01/05/2023","575.58","574.26","581.86","563.46","275.70M","-1.73%"
"01/04/2023","585.74","569.11","589.07","563.64","313.04M","4.06%"
"01/03/2023","562.89","598.33","600.22","551.18","359.44M","-7.84%"
"12/30/2022","610.77","599.52","612.75","599.52","256.58M","0.62%"
"12/29/2022","606.99","597.67","611.08","589.01","343.80M","6.33%"
"12/28/2022","570.88","567.45","586.41","558.27","338.14M","1.34%"
"12/27/2022","563.33","590.75","596.39","562.08","322.90M","-7.58%"
"12/23/2022","609.55","618.98","626.79","600.18","265.03M","-0.98%"
"12/22/2022","615.59","654.34","655.56","603.69","372.64M","-7.19%"
"12/21/2022","663.28","667.85","674.12","656.52","255.97M","0.40%"
"12/20/2022","660.62","687.53","695.33","660.29","331.78M","-5.62%"
"12/19/2022","699.98","717.38","718.77","688.25","292.88M","-0.77%"
"12/16/2022","705.43","741.73","745.07","705.00","392.03M","-4.41%"
"12/15/2022","738.00","727.10","749.79","726.46","247.29M","-0.32%"
"12/14/2022","740.35","749.91","758.21","734.31","265.17M","-1.98%"
"12/13/2022","755.27","806.13","807.16","741.18","321.60M","-2.69%"
"12/12/2022","776.17","798.61","802.14","773.63","214.30M","-4.07%"
"12/09/2022","809.08","792.38","821.15","791.13","221.23M","1.98%"
"12/08/2022","793.36","789.52","799.46","778.88","185.67M","-0.23%"
"12/07/2022","795.20","799.33","814.24","789.60","175.84M","-2.44%"
"12/06/2022","815.11","824.41","833.17","802.16","211.20M","-1.60%"
"12/05/2022","828.38","855.51","860.26","822.71","186.09M","-5.28%"
"12/02/2022","874.57","863.51","876.98","860.77","163.93M","-0.18%"
"12/01/2022","876.11","884.13","892.22","866.72","191.66M","-0.03%"
"11/30/2022","876.39","832.00","876.44","823.83","277.70M","6.11%"
"11/29/2022","825.91","834.01","845.24","819.11","161.16M","-0.75%"
"11/28/2022","832.17","826.21","850.69","825.32","193.59M","-0.79%"
"11/25/2022","838.77","844.21","844.21","829.66","89.04M","-0.03%"
"11/23/2022","839.02","808.69","840.59","805.18","182.02M","5.19%"
"11/22/2022","797.66","792.40","801.07","784.37","160.78M","1.15%"
"11/21/2022","788.58","814.14","816.70","787.41","196.99M","-5.02%"
"11/18/2022","830.24","844.55","846.28","816.85","181.09M","-0.80%"
"11/17/2022","836.95","836.80","845.47","827.71","183.63M","-1.51%"
"11/16/2022","849.81","869.67","871.77","845.82","174.08M","-3.66%"
"11/15/2022","882.06","885.99","904.73","872.71","221.70M","1.67%"
"11/14/2022","867.55","876.24","886.28","854.09","210.63M","-2.41%"
"11/11/2022","888.93","851.71","892.78","841.37","258.04M","2.71%"
"11/10/2022","865.50","854.76","868.10","826.81","322.71M","7.27%"
"11/09/2022","806.88","853.64","869.56","805.50","309.95M","-6.09%"
"11/08/2022","859.17","866.61","872.02","842.78","238.35M","-1.96%"
"11/07/2022","876.36","912.60","912.94","871.82","192.95M","-3.32%"
"11/04/2022","906.49","952.50","959.38","888.57","220.98M","-1.95%"
"11/03/2022","924.50","907.32","944.40","903.65","163.99M","0.47%"
"11/02/2022","920.15","960.63","967.44","919.79","192.67M","-4.90%"
"11/01/2022","967.61","992.99","1,000.42","966.59","158.71M","0.00%"
"10/31/2022","967.62","960.48","976.46","948.27","196.65M","-0.16%"
"10/28/2022","969.14","953.49","969.83","927.43","173.40M","1.63%"
"10/27/2022","953.58","967.74","981.17","944.91","201.30M","0.35%"
"10/26/2022","950.30","942.19","970.96","927.89","236.32M","0.90%"
"10/25/2022","941.86","897.26","948.64","897.26","247.65M","4.78%"
"10/24/2022","898.86","877.96","906.18","853.60","225.36M","-0.58%"
"10/21/2022","904.06","870.84","904.64","863.09","184.54M","3.52%"
"10/20/2022","873.34","879.98","903.82","860.73","228.40M","-5.35%"
"10/19/2022","922.70","915.51","926.05","909.17","158.41M","0.31%"
"10/18/2022","919.82","949.66","951.00","909.01","182.42M","0.83%"
"10/17/2022","912.26","882.14","920.45","880.51","193.50M","5.91%"
"10/14/2022","861.38","926.94","934.55","859.16","219.72M","-6.18%"
"10/13/2022","918.09","866.98","922.60","860.29","228.94M","1.93%"
"10/12/2022","900.73","896.35","908.73","880.89","186.46M","0.23%"
"10/11/2022","898.64","909.63","929.24","892.53","224.61M","-2.05%"
"10/10/2022","917.44","922.15","930.72","902.23","265.79M","-1.04%"
"10/07/2022","927.07","964.87","966.53","922.84","208.76M","-5.52%"
"10/06/2022","981.27","984.94","1,004.11","971.16","185.60M","-0.90%"
"10/05/2022","990.22","1,000.32","1,005.24","962.48","232.84M","-2.83%"
"10/04/2022","1,019.10","1,013.59","1,040.28","991.25","284.64M","3.95%"
"10/03/2022","980.42","1,012.93","1,015.69","972.87","226.87M","-6.19%"
"09/30/2022","1,045.16","1,050.53","1,083.41","1,038.09","194.08M","-1.28%"
"09/29/2022","1,058.67","1,113.51","1,113.51","1,049.75","226.85M","-6.52%"
"09/28/2022","1,132.56","1,112.07","1,137.47","1,095.06","179.00M","1.87%"
"09/27/2022","1,111.74","1,119.88","1,133.20","1,091.61","205.83M","1.90%"
"09/26/2022","1,091.01","1,079.29","1,121.47","1,075.70","199.60M","0.00%"
"09/23/2022","1,091.02","1,117.48","1,121.90","1,078.89","235.09M","-4.33%"
"09/22/2022","1,140.37","1,181.55","1,186.48","1,131.45","216.15M","-3.70%"
"09/21/2022","1,184.18","1,213.47","1,233.62","1,183.90","222.80M","-2.43%"
"09/20/2022","1,213.67","1,218.04","1,233.00","1,205.01","324.64M","-1.47%"
"09/19/2022","1,231.81","1,197.07","1,233.61","1,189.87","165.20M","1.85%"
"09/16/2022","1,209.38","1,199.50","1,210.20","1,186.61","328.84M","-0.44%"
"09/15/2022","1,214.75","1,207.38","1,239.42","1,205.53","206.87M","0.32%"
"09/14/2022","1,210.87","1,179.66","1,221.92","1,175.94","211.53M","2.75%"
"09/13/2022","1,178.50","1,182.27","1,199.79","1,175.67","227.23M","-3.99%"
"09/12/2022","1,227.45","1,212.68","1,230.35","1,212.68","179.78M","1.68%"
"09/09/2022","1,207.19","1,180.20","1,207.63","1,179.71","189.60M","3.09%"
"09/08/2022","1,171.06","1,140.11","1,171.68","1,135.64","200.08M","1.67%"
"09/07/2022","1,151.78","1,110.06","1,152.62","1,106.79","170.64M","3.31%"
"09/06/2022","1,114.83","1,111.72","1,121.59","1,086.73","193.31M","1.00%"
"09/02/2022","1,103.79","1,144.94","1,145.88","1,099.28","164.91M","-2.07%"
"09/01/2022","1,127.13","1,111.07","1,128.42","1,087.58","170.33M","0.41%"
"08/31/2022","1,122.51","1,141.95","1,142.42","1,111.74","169.83M","-0.84%"
"08/30/2022","1,131.97","1,167.92","1,168.75","1,113.72","179.38M","-2.13%"
"08/29/2022","1,156.65","1,146.81","1,167.47","1,142.79","134.47M","-0.75%"
"08/26/2022","1,165.37","1,204.61","1,219.20","1,164.33","166.12M","-2.86%"
"08/25/2022","1,199.69","1,213.80","1,215.38","1,184.34","157.49M","0.33%"
"08/24/2022","1,195.76","1,193.83","1,216.06","1,192.63","107.37M","0.49%"
"08/23/2022","1,189.96","1,174.42","1,198.03","1,164.37","125.12M","1.85%"
"08/22/2022","1,168.39","1,192.94","1,192.94","1,157.92","154.48M","-2.78%"
"08/19/2022","1,201.77","1,212.56","1,215.12","1,187.83","149.11M","-1.84%"
"08/18/2022","1,224.34","1,232.49","1,234.41","1,218.16","95.51M","-0.12%"
"08/17/2022","1,225.87","1,225.11","1,245.82","1,212.42","132.66M","-1.12%"
"08/16/2022","1,239.81","1,253.78","1,262.78","1,225.84","146.47M","-0.66%"
"08/15/2022","1,247.99","1,223.23","1,260.89","1,221.09","143.08M","2.28%"
"08/12/2022","1,220.17","1,174.36","1,220.17","1,168.64","162.69M","4.06%"
"08/11/2022","1,172.53","1,202.30","1,207.77","1,169.20","170.81M","-1.58%"
"08/10/2022","1,191.32","1,198.93","1,198.93","1,154.64","172.71M","3.76%"
"08/09/2022","1,148.10","1,175.91","1,180.60","1,135.05","166.71M","-2.51%"
"08/08/2022","1,177.66","1,186.26","1,224.36","1,173.97","184.31M","1.35%"
"08/05/2022","1,161.99","1,205.74","1,213.03","1,153.09","163.30M","-5.26%"
"08/04/2022","1,226.50","1,241.81","1,245.67","1,216.74","196.24M","-0.54%"
"08/03/2022","1,233.10","1,220.70","1,241.58","1,211.51","195.92M","2.36%"
"08/02/2022","1,204.68","1,183.45","1,230.96","1,178.27","176.34M","0.80%"
"08/01/2022","1,195.17","1,201.79","1,236.17","1,185.82","202.88M","0.43%"
"07/29/2022","1,190.04","1,133.93","1,194.18","1,128.83","189.40M","4.93%"
"07/28/2022","1,134.10","1,127.12","1,138.64","1,100.23","236.60M","2.55%"
"07/27/2022","1,105.93","1,065.21","1,109.41","1,058.18","141.14M","5.60%"
"07/26/2022","1,047.24","1,073.35","1,074.98","1,038.62","125.51M","-3.29%"
"07/25/2022","1,082.87","1,096.58","1,099.86","1,079.06","107.82M","-1.13%"
"07/22/2022","1,095.30","1,114.16","1,124.12","1,088.39","143.64M","-0.33%"
"07/21/2022","1,098.90","1,043.75","1,101.30","1,043.75","186.31M","7.70%"
"07/20/2022","1,020.32","1,013.72","1,028.08","1,004.37","140.86M","0.97%"
"07/19/2022","1,010.50","987.97","1,015.29","981.55","144.97M","2.76%"
"07/18/2022","983.37","999.36","1,018.43","979.91","135.21M","0.17%"
"07/15/2022","981.66","979.51","990.15","968.08","130.03M","1.32%"
"07/14/2022","968.86","956.53","970.09","935.83","129.52M","0.18%"
"07/13/2022","967.10","928.53","982.03","924.00","138.11M","1.25%"
"07/12/2022","955.13","961.71","973.89","937.66","150.74M","0.09%"
"07/11/2022","954.24","1,015.70","1,018.95","951.91","144.72M","-5.84%"
"07/08/2022","1,013.46","988.46","1,029.15","984.91","162.82M","1.83%"
"07/07/2022","995.24","955.17","997.93","951.39","168.39M","5.39%"
"07/06/2022","944.31","943.68","958.31","928.79","188.86M","-0.77%"
"07/05/2022","951.64","913.61","951.81","888.36","181.42M","1.95%"
"07/01/2022","933.40","928.96","945.24","913.19","142.96M","1.28%"
"06/30/2022","921.63","925.96","940.72","903.05","161.72M","-2.15%"
"06/29/2022","941.92","952.51","953.73","920.98","118.82M","-1.91%"
"06/28/2022","960.27","1,002.84","1,024.88","959.53","134.37M","-4.20%"
"06/27/2022","1,002.36","1,018.51","1,026.42","994.97","131.77M","-0.32%"
"06/24/2022","1,005.59","972.09","1,005.65","968.20","227.68M","4.37%"
"06/23/2022","963.50","970.29","975.63","938.65","163.06M","-0.07%"
"06/22/2022","964.18","954.80","1,001.18","953.61","147.14M","-0.23%"
"06/21/2022","966.36","926.74","987.95","926.74","192.22M","7.88%"
"06/17/2022","895.78","884.75","908.25","878.78","211.10M","1.59%"
"06/16/2022","881.74","924.74","929.40","866.21","203.79M","-8.41%"
"06/15/2022","962.72","923.64","972.93","915.37","190.42M","4.55%"
"06/14/2022","920.84","911.75","939.25","889.80","184.73M","2.17%"
"06/13/2022","901.26","931.56","943.58","897.00","204.54M","-7.00%"
"06/10/2022","969.07","984.17","999.27","956.73","155.70M","-3.44%"
"06/09/2022","1,003.64","1,037.36","1,058.03","1,003.35","117.48M","-1.20%"
"06/08/2022","1,015.83","1,012.18","1,045.53","1,007.26","117.40M","0.71%"
"06/07/2022","1,008.66","988.93","1,011.87","974.34","126.53M","0.43%"
"06/06/2022","1,004.38","1,023.67","1,024.89","990.96","127.90M","1.49%"
"06/03/2022","989.63","1,020.12","1,034.49","985.52","139.32M","-7.66%"
"06/02/2022","1,071.73","1,023.34","1,089.91","1,016.59","137.20M","4.04%"
"06/01/2022","1,030.07","1,051.25","1,065.53","1,017.95","139.07M","-2.02%"
"05/31/2022","1,051.30","1,065.96","1,072.71","1,021.68","202.09M","0.01%"
"05/27/2022","1,051.23","1,007.61","1,051.23","1,007.61","154.33M","6.23%"
"05/26/2022","989.60","933.96","1,002.20","928.77","156.60M","6.59%"
"05/25/2022","928.40","885.26","940.35","885.16","143.61M","4.19%"
"05/24/2022","891.09","921.95","921.95","881.51","155.81M","-5.82%"
"05/23/2022","946.20","924.92","953.07","905.66","156.85M","1.50%"
"05/20/2022","932.26","993.50","1,001.23","892.78","224.47M","-5.29%"
"05/19/2022","984.29","980.66","1,012.42","963.00","198.52M","0.29%"
"05/18/2022","981.48","1,027.09","1,041.91","972.26","186.88M","-6.31%"
"05/17/2022","1,047.59","1,029.13","1,048.62","1,007.75","159.21M","4.73%"
"05/16/2022","1,000.25","1,051.48","1,051.48","994.53","182.28M","-5.10%"
"05/13/2022","1,054.03","1,047.23","1,073.20","1,025.86","239.17M","6.05%"
"05/12/2022","993.90","960.71","1,029.83","937.26","354.86M","-0.73%"
"05/11/2022","1,001.23","1,074.54","1,090.75","994.09","252.71M","-7.27%"
"05/10/2022","1,079.73","1,106.03","1,111.25","1,049.89","220.90M","1.28%"
"05/09/2022","1,066.13","1,124.02","1,136.14","1,059.22","273.54M","-8.11%"
"05/06/2022","1,160.18","1,183.84","1,186.47","1,132.86","172.52M","-1.02%"
"05/05/2022","1,172.10","1,247.44","1,251.46","1,153.58","165.39M","-7.38%"
"05/04/2022","1,265.47","1,205.48","1,268.78","1,185.95","165.24M","4.35%"
"05/03/2022","1,212.70","1,202.35","1,226.49","1,188.51","146.88M","0.98%"
"05/02/2022","1,200.96","1,152.07","1,203.48","1,137.96","157.05M","3.22%"
"04/29/2022","1,163.55","1,202.33","1,239.66","1,162.52","176.28M","-1.19%"
"04/28/2022","1,177.53","1,196.49","1,199.56","1,112.69","251.65M","-0.13%"
"04/27/2022","1,179.11","1,195.53","1,220.09","1,174.31","171.42M","0.71%"
"04/26/2022","1,170.80","1,305.55","1,306.59","1,169.52","204.30M","-10.45%"
"04/25/2022","1,307.37","1,285.16","1,315.20","1,278.91","157.05M","-0.42%"
"04/22/2022","1,312.92","1,327.60","1,350.24","1,305.26","152.05M","-0.88%"
"04/21/2022","1,324.58","1,401.30","1,417.89","1,311.34","161.81M","2.01%"
"04/20/2022","1,298.54","1,355.84","1,361.31","1,296.58","127.68M","-3.96%"
"04/19/2022","1,352.05","1,318.99","1,358.78","1,312.35","133.59M","2.61%"
"04/18/2022","1,317.67","1,300.64","1,330.08","1,283.63","117.95M","1.52%"
"04/14/2022","1,297.89","1,314.70","1,329.92","1,294.86","112.25M","-3.01%"
"04/13/2022","1,338.23","1,292.98","1,342.39","1,283.81","129.44M","2.94%"
"04/12/2022","1,300.02","1,312.93","1,341.29","1,288.53","141.70M","0.90%"
"04/11/2022","1,288.48","1,287.31","1,328.59","1,285.80","166.07M","-3.56%"
"04/08/2022","1,336.09","1,352.55","1,359.01","1,334.02","154.50M","-2.35%"
"04/07/2022","1,368.24","1,366.94","1,388.28","1,324.30","214.37M","0.51%"
"04/06/2022","1,361.28","1,396.36","1,400.03","1,341.23","223.57M","-3.86%"
"04/05/2022","1,415.90","1,475.53","1,491.14","1,412.12","199.38M","-4.73%"
"04/04/2022","1,486.20","1,426.71","1,490.97","1,409.58","143.44M","4.53%"
"04/01/2022","1,421.77","1,424.08","1,433.02","1,408.04","148.39M","0.23%"
"03/31/2022","1,418.51","1,443.55","1,449.94","1,418.51","136.20M","-1.70%"
"03/30/2022","1,443.11","1,446.26","1,468.66","1,432.47","153.81M","-0.93%"
"03/29/2022","1,456.69","1,455.32","1,466.75","1,422.30","221.80M","1.78%"
"03/28/2022","1,431.18","1,402.40","1,436.07","1,389.91","161.44M","6.41%"
"03/25/2022","1,344.94","1,351.87","1,358.00","1,328.65","132.23M","-0.58%"
"03/24/2022","1,352.82","1,345.50","1,363.23","1,322.90","131.51M","1.44%"
"03/23/2022","1,333.67","1,315.00","1,380.46","1,312.88","169.99M","-0.06%"
"03/22/2022","1,334.44","1,262.20","1,339.24","1,258.48","186.45M","6.58%"
"03/21/2022","1,252.09","1,251.49","1,278.87","1,235.49","166.03M","0.79%"
"03/18/2022","1,242.31","1,202.94","1,245.43","1,194.05","225.02M","3.44%"
"03/17/2022","1,200.98","1,155.46","1,203.73","1,146.93","150.86M","2.77%"
"03/16/2022","1,168.57","1,124.86","1,169.49","1,120.49","202.49M","4.80%"
"03/15/2022","1,115.08","1,082.01","1,119.38","1,063.43","162.00M","4.02%"
"03/14/2022","1,071.98","1,092.01","1,115.41","1,059.72","175.55M","-3.15%"
"03/11/2022","1,106.79","1,157.80","1,161.47","1,105.73","170.31M","-4.19%"
"03/10/2022","1,155.16","1,166.00","1,167.65","1,121.67","169.16M","-2.00%"
"03/09/2022","1,178.68","1,156.38","1,181.26","1,150.64","157.69M","4.09%"
"03/08/2022","1,132.35","1,100.04","1,171.08","1,088.32","242.55M","2.18%"
"03/07/2022","1,108.16","1,177.77","1,186.90","1,108.16","223.56M","-4.41%"
"03/04/2022","1,159.26","1,184.17","1,184.33","1,145.39","226.48M","-1.47%"
"03/03/2022","1,176.55","1,227.39","1,232.03","1,168.04","208.09M","-4.22%"
"03/02/2022","1,228.35","1,213.27","1,233.38","1,182.84","263.58M","2.36%"
"03/01/2022","1,200.01","1,220.93","1,231.52","1,188.04","249.98M","-2.09%"
"02/28/2022","1,225.64","1,170.11","1,234.28","1,167.02","220.57M","4.97%"
"02/25/2022","1,167.58","1,159.62","1,172.84","1,129.87","176.50M","1.50%"
"02/24/2022","1,150.34","1,037.40","1,152.07","1,027.84","260.93M","3.74%"
"02/23/2022","1,108.89","1,187.71","1,194.44","1,105.74","194.12M","-5.65%"
"02/22/2022","1,175.28","1,199.88","1,220.43","1,150.46","214.02M","-4.00%"
"02/18/2022","1,224.24","1,253.75","1,254.46","1,201.03","204.43M","-1.62%"
"02/17/2022","1,244.45","1,300.77","1,300.77","1,241.40","154.53M","-4.41%"
"02/16/2022","1,301.81","1,287.00","1,305.48","1,273.61","132.82M","0.24%"
"02/15/2022","1,298.65","1,265.40","1,299.03","1,262.65","160.11M","4.90%"
"02/14/2022","1,237.97","1,222.08","1,264.78","1,213.43","204.78M","1.47%"
"02/11/2022","1,220.04","1,281.58","1,288.87","1,208.48","204.65M","-4.39%"
"02/10/2022","1,276.10","1,280.16","1,325.04","1,266.53","175.88M","-2.63%"
"02/09/2022","1,310.63","1,304.52","1,323.21","1,298.81","183.58M","1.58%"
"02/08/2022","1,290.20","1,273.39","1,294.99","1,253.16","247.00M","1.29%"
"02/07/2022","1,273.79","1,293.41","1,319.77","1,268.51","179.62M","-1.47%"
"02/04/2022","1,292.75","1,268.87","1,308.89","1,248.28","313.52M","1.60%"
"02/03/2022","1,272.45","1,268.28","1,328.24","1,264.96","214.01M","-1.95%"
"02/02/2022","1,297.72","1,326.08","1,329.07","1,274.51","221.30M","-2.27%"
"02/01/2022","1,327.92","1,325.81","1,337.12","1,287.91","259.26M","0.21%"
"01/31/2022","1,325.09","1,243.04","1,325.49","1,232.98","237.54M","8.97%"
"01/28/2022","1,216.00","1,201.85","1,226.48","1,153.64","277.46M","1.21%"
"01/27/2022","1,201.52","1,321.32","1,324.80","1,201.16","294.52M","-9.21%"
"01/26/2022","1,323.47","1,350.13","1,387.39","1,288.89","306.08M","1.43%"
"01/25/2022","1,304.84","1,304.17","1,344.10","1,286.08","230.34M","-1.55%"
"01/24/2022","1,325.34","1,292.38","1,328.97","1,219.40","380.83M","-1.15%"
"01/21/2022","1,340.71","1,404.84","1,408.21","1,336.56","299.86M","-4.58%"
"01/20/2022","1,405.09","1,430.15","1,471.34","1,402.40","310.72M","-0.85%"
"01/19/2022","1,417.16","1,484.50","1,501.10","1,416.25","278.42M","-3.70%"
"01/18/2022","1,471.63","1,476.66","1,518.49","1,460.45","216.79M","-2.32%"
"01/14/2022","1,506.56","1,472.95","1,508.45","1,464.19","250.34M","1.09%"
"01/13/2022","1,490.26","1,570.84","1,583.73","1,484.83","303.92M","-4.84%"
"01/12/2022","1,566.08","1,542.57","1,574.50","1,535.25","231.25M","2.79%"
"01/11/2022","1,523.55","1,506.80","1,531.31","1,487.34","241.08M","0.76%"
"01/10/2022","1,512.06","1,458.61","1,513.02","1,433.33","252.59M","1.56%"
"01/07/2022","1,488.84","1,544.65","1,547.67","1,469.89","283.27M","-2.57%"
"01/06/2022","1,528.06","1,535.76","1,550.79","1,467.67","324.53M","-1.09%"
"01/05/2022","1,544.94","1,614.21","1,638.16","1,537.59","403.83M","-4.88%"
"01/04/2022","1,624.25","1,646.83","1,671.19","1,591.03","445.08M","-1.64%"
"01/03/2022","1,651.32","1,590.56","1,652.47","1,581.34","235.41M","10.60%"
"12/31/2021","1,493.06","1,503.26","1,516.81","1,491.08","113.51M","-0.74%"
"12/30/2021","1,504.22","1,491.77","1,533.02","1,489.64","141.69M","-0.81%"
"12/29/2021","1,516.52","1,530.22","1,533.17","1,492.55","114.02M","-0.25%"
"12/28/2021","1,520.29","1,543.79","1,551.50","1,512.98","136.92M","-0.58%"
"12/27/2021","1,529.11","1,500.67","1,552.03","1,498.64","170.59M","2.38%"
"12/23/2021","1,493.61","1,429.52","1,500.65","1,420.97","142.79M","4.40%"
"12/22/2021","1,430.64","1,377.51","1,436.57","1,371.67","183.85M","5.88%"
"12/21/2021","1,351.20","1,329.44","1,352.12","1,292.39","167.62M","3.57%"
"12/20/2021","1,304.62","1,319.75","1,328.21","1,294.24","189.49M","-3.29%"
"12/17/2021","1,348.96","1,341.07","1,384.30","1,327.80","256.53M","-0.54%"
"12/16/2021","1,356.32","1,432.52","1,434.12","1,351.47","182.25M","-3.82%"
"12/15/2021","1,410.21","1,382.91","1,412.08","1,349.89","169.36M","1.47%"
"12/14/2021","1,389.80","1,378.61","1,398.64","1,355.53","199.87M","-0.94%"
"12/13/2021","1,403.04","1,453.01","1,456.73","1,387.90","230.78M","-4.66%"
"12/10/2021","1,471.55","1,448.74","1,472.62","1,423.78","234.00M","2.15%"
"12/09/2021","1,440.58","1,505.88","1,506.82","1,439.19","119.50M","-4.98%"
"12/08/2021","1,516.16","1,500.01","1,519.90","1,475.62","115.54M","1.25%"
"12/07/2021","1,497.41","1,482.44","1,504.76","1,471.15","138.21M","3.78%"
"12/06/2021","1,442.91","1,429.92","1,458.35","1,370.87","172.77M","-0.04%"
"12/03/2021","1,443.45","1,530.06","1,534.62","1,425.92","210.82M","-5.45%"
"12/02/2021","1,526.70","1,529.01","1,551.42","1,492.81","174.76M","0.00%"
"12/01/2021","1,526.76","1,600.46","1,615.95","1,525.11","208.62M","-3.28%"
"11/30/2021","1,578.52","1,587.80","1,609.95","1,547.94","201.11M","-0.15%"
"11/29/2021","1,580.90","1,543.84","1,589.45","1,543.84","135.53M","3.82%"
"11/26/2021","1,522.74","1,549.71","1,549.71","1,517.66","99.32M","-3.07%"
"11/24/2021","1,570.95","1,536.86","1,589.49","1,511.57","136.11M","0.21%"
"11/23/2021","1,567.63","1,632.85","1,645.35","1,517.85","188.02M","-3.38%"
"11/22/2021","1,622.51","1,620.08","1,666.55","1,589.85","254.28M","1.81%"
"11/19/2021","1,593.70","1,557.64","1,596.11","1,551.98","177.94M","2.59%"
"11/18/2021","1,553.39","1,572.89","1,578.64","1,528.95","183.54M","0.00%"
"11/17/2021","1,553.36","1,514.03","1,582.44","1,513.13","167.00M","2.66%"
"11/16/2021","1,513.17","1,460.72","1,515.70","1,460.69","151.78M","2.91%"
"11/15/2021","1,470.40","1,472.53","1,489.81","1,432.85","177.97M","-1.18%"
"11/12/2021","1,487.93","1,498.55","1,504.65","1,473.94","163.57M","-1.83%"
"11/11/2021","1,515.61","1,552.26","1,554.72","1,505.52","187.19M","0.18%"
"11/10/2021","1,512.86","1,452.30","1,528.08","1,428.57","324.01M","2.88%"
"11/09/2021","1,470.45","1,636.01","1,636.01","1,457.68","330.83M","-9.22%"
"11/08/2021","1,619.75","1,597.88","1,654.52","1,580.52","250.46M","-3.28%"
"11/05/2021","1,674.75","1,684.02","1,696.82","1,660.44","177.97M","-0.54%"
"11/04/2021","1,683.79","1,681.70","1,698.31","1,666.86","236.76M","1.50%"
"11/03/2021","1,658.88","1,610.89","1,660.46","1,590.47","184.15M","3.23%"
"11/02/2021","1,606.91","1,591.61","1,643.82","1,577.58","198.22M","-2.35%"
"11/01/2021","1,645.50","1,569.66","1,646.59","1,544.10","228.24M","7.18%"
"10/29/2021","1,535.22","1,497.78","1,536.59","1,488.45","199.94M","2.84%"
"10/28/2021","1,492.87","1,474.64","1,496.12","1,472.62","284.78M","3.53%"
"10/27/2021","1,442.03","1,447.86","1,479.70","1,437.93","180.62M","0.85%"
"10/26/2021","1,429.94","1,439.09","1,513.65","1,410.55","168.72M","-0.66%"
"10/25/2021","1,439.37","1,361.16","1,459.27","1,352.95","165.75M","9.34%"
"10/22/2021","1,316.43","1,306.58","1,321.87","1,302.03","114.33M","0.86%"
"10/21/2021","1,305.26","1,259.91","1,311.29","1,259.91","151.92M","2.77%"
"10/20/2021","1,270.04","1,261.51","1,274.23","1,253.95","146.60M","0.60%"
"10/19/2021","1,262.41","1,278.51","1,278.51","1,260.38","86.47M","-0.60%"
"10/18/2021","1,270.05","1,253.41","1,276.06","1,251.04","99.35M","1.97%"
"10/15/2021","1,245.55","1,218.77","1,245.70","1,218.77","124.24M","2.33%"
"10/14/2021","1,217.14","1,212.81","1,219.30","1,211.54","89.54M","0.86%"
"10/13/2021","1,206.74","1,203.40","1,211.79","1,197.40","114.90M","0.25%"
"10/12/2021","1,203.73","1,193.12","1,211.28","1,190.18","143.40M","1.79%"
"10/11/2021","1,182.52","1,181.38","1,196.11","1,179.31","91.04M","0.37%"
"10/08/2021","1,178.16","1,183.19","1,187.23","1,172.53","166.09M","-0.17%"
"10/07/2021","1,180.16","1,160.21","1,190.95","1,160.21","158.52M","2.19%"
"10/06/2021","1,154.82","1,148.91","1,160.26","1,141.87","119.71M","-0.07%"
"10/05/2021","1,155.60","1,155.57","1,171.84","1,147.67","109.83M","0.01%"
"10/04/2021","1,155.43","1,170.74","1,184.79","1,150.32","157.10M","0.96%"
"10/01/2021","1,144.44","1,145.99","1,149.68","1,126.66","98.14M","0.23%"
"09/30/2021","1,141.78","1,151.09","1,159.23","1,141.74","130.82M","-0.85%"
"09/29/2021","1,151.58","1,150.20","1,166.45","1,138.71","106.50M","0.22%"
"09/28/2021","1,149.06","1,164.33","1,174.12","1,136.71","169.11M","-1.36%"
"09/27/2021","1,164.93","1,140.60","1,173.77","1,138.38","131.39M","2.11%"
"09/24/2021","1,140.90","1,109.77","1,141.39","1,108.13","127.01M","1.97%"
"09/23/2021","1,118.83","1,111.69","1,121.28","1,110.59","141.94M","1.08%"
"09/22/2021","1,106.90","1,090.06","1,110.15","1,090.06","129.31M","1.92%"
"09/21/2021","1,086.09","1,081.96","1,091.47","1,078.59","146.28M","0.98%"
"09/20/2021","1,075.56","1,114.75","1,114.75","1,059.45","193.67M","-3.75%"
"09/17/2021","1,117.49","1,116.74","1,121.21","1,105.36","184.92M","0.15%"
"09/16/2021","1,115.82","1,116.22","1,119.26","1,102.60","120.13M","-0.09%"
"09/15/2021","1,116.88","1,099.47","1,117.71","1,092.77","106.94M","1.75%"
"09/14/2021","1,097.68","1,095.87","1,109.40","1,087.86","91.15M","0.11%"
"09/13/2021","1,096.46","1,086.36","1,098.34","1,055.40","112.90M","1.20%"
"09/10/2021","1,083.49","1,110.49","1,114.37","1,081.93","99.12M","-1.79%"
"09/09/2021","1,103.21","1,103.27","1,110.52","1,099.57","108.44M","-0.06%"
"09/08/2021","1,103.89","1,112.68","1,114.97","1,087.00","108.01M","-0.03%"
"09/07/2021","1,104.25","1,089.99","1,114.19","1,089.81","110.09M","1.85%"
"09/03/2021","1,084.20","1,084.10","1,084.67","1,073.51","77.57M","-0.03%"
"09/02/2021","1,084.55","1,087.85","1,095.00","1,082.70","89.79M","-0.21%"
"09/01/2021","1,086.84","1,086.77","1,094.09","1,082.85","94.42M","-0.13%"
"08/31/2021","1,088.26","1,087.64","1,093.36","1,079.96","91.94M","0.38%"
"08/30/2021","1,084.18","1,069.38","1,085.13","1,069.38","86.50M","1.48%"
"08/27/2021","1,068.41","1,055.12","1,072.60","1,053.15","99.29M","1.71%"
"08/26/2021","1,050.49","1,063.82","1,069.14","1,045.92","102.61M","-1.57%"
"08/25/2021","1,067.28","1,062.66","1,074.15","1,058.57","91.59M","0.33%"
"08/24/2021","1,063.72","1,060.35","1,068.81","1,054.54","102.08M","0.87%"
"08/23/2021","1,054.57","1,027.98","1,060.63","1,027.19","131.76M","2.74%"
"08/20/2021","1,026.49","1,028.84","1,037.82","1,018.25","102.71M","0.71%"
"08/19/2021","1,019.23","1,029.99","1,036.74","1,011.80","127.94M","-2.41%"
"08/18/2021","1,044.43","1,019.46","1,054.42","1,019.46","103.10M","2.40%"
"08/17/2021","1,019.99","1,037.30","1,037.30","999.93","147.94M","-3.17%"
"08/16/2021","1,053.36","1,074.23","1,076.60","1,044.03","95.62M","-3.22%"
"08/13/2021","1,088.43","1,100.31","1,104.90","1,086.07","93.86M","-0.93%"
"08/12/2021","1,098.65","1,084.85","1,099.05","1,073.60","82.13M","1.33%"
"08/11/2021","1,084.26","1,090.14","1,090.69","1,076.96","85.72M","-0.15%"
"08/10/2021","1,085.88","1,087.44","1,091.71","1,075.16","76.68M","-0.07%"
"08/09/2021","1,086.63","1,081.54","1,092.19","1,075.64","94.30M","1.33%"
"08/06/2021","1,072.41","1,085.40","1,088.93","1,071.20","90.19M","-1.27%"
"08/05/2021","1,086.16","1,085.05","1,093.71","1,081.75","119.55M","0.65%"
"08/04/2021","1,079.18","1,090.63","1,098.75","1,077.61","182.77M","-1.42%"
"08/03/2021","1,094.78","1,101.98","1,106.79","1,083.47","110.19M","0.29%"
"08/02/2021","1,091.64","1,083.98","1,113.43","1,083.08","130.15M","2.22%"
"07/30/2021","1,067.95","1,059.15","1,078.94","1,050.25","133.48M","0.64%"
"07/29/2021","1,061.12","1,020.66","1,067.76","1,020.66","175.67M","4.14%"
"07/28/2021","1,018.98","1,013.76","1,024.07","1,011.38","119.47M","0.54%"
"07/27/2021","1,013.47","1,034.96","1,035.88","992.30","107.69M","-1.67%"
"07/26/2021","1,030.68","1,019.53","1,040.60","1,016.88","91.12M","1.92%"
"07/23/2021","1,011.30","1,018.80","1,018.80","1,005.22","81.26M","-0.59%"
"07/22/2021","1,017.27","1,030.53","1,033.96","1,011.56","84.01M","-1.25%"
"07/21/2021","1,030.19","1,032.21","1,042.05","1,024.59","98.57M","-0.12%"
"07/20/2021","1,031.43","1,011.98","1,034.06","1,002.12","116.09M","2.70%"
"07/19/2021","1,004.34","985.46","1,004.56","971.31","161.14M","-0.40%"
"07/16/2021","1,008.37","1,031.07","1,031.07","1,005.95","98.48M","-1.51%"
"07/15/2021","1,023.82","1,033.76","1,043.25","1,008.42","95.66M","-0.71%"
"07/14/2021","1,031.09","1,053.65","1,058.38","1,030.36","90.71M","-1.82%"
"07/13/2021","1,050.20","1,073.01","1,077.71","1,047.83","99.57M","-2.02%"
"07/12/2021","1,071.87","1,043.98","1,074.07","1,043.20","106.82M","3.15%"
"07/09/2021","1,039.18","1,033.00","1,040.51","1,026.04","125.77M","1.49%"
"07/08/2021","1,023.93","996.87","1,025.25","986.30","117.74M","0.47%"
"07/07/2021","1,019.14","1,043.48","1,044.42","1,008.69","130.39M","-2.05%"
"07/06/2021","1,040.51","1,068.04","1,072.18","1,030.38","130.98M","-2.65%"
"07/02/2021","1,068.87","1,069.04","1,090.16","1,062.00","95.53M","0.10%"
"07/01/2021","1,067.83","1,074.18","1,079.15","1,063.15","103.28M","-0.05%"
"06/30/2021","1,068.38","1,068.24","1,083.49","1,066.84","129.10M","-0.21%"
"06/29/2021","1,070.67","1,074.06","1,077.76","1,064.42","128.65M","-0.59%"
"06/28/2021","1,077.04","1,064.52","1,082.48","1,062.88","144.13M","1.13%"
"06/25/2021","1,065.02","1,083.22","1,088.65","1,061.79","185.78M","-0.69%"
"06/24/2021","1,072.44","1,069.25","1,090.63","1,060.73","170.33M","2.47%"
"06/23/2021","1,046.55","1,017.73","1,048.63","1,016.51","156.08M","4.00%"
"06/22/2021","1,006.34","1,001.22","1,011.91","997.09","111.43M","0.47%"
"06/21/2021","1,001.67","1,003.67","1,014.00","988.13","118.49M","0.28%"
"06/18/2021","998.84","996.19","1,006.78","987.40","137.86M","-0.02%"
"06/17/2021","998.99","996.15","1,006.19","990.42","177.82M","0.45%"
"06/16/2021","994.52","989.74","998.98","983.39","128.98M","0.52%"
"06/15/2021","989.41","1,007.54","1,007.54","988.36","96.11M","-1.89%"
"06/14/2021","1,008.50","1,007.11","1,018.16","1,002.20","123.85M","0.36%"
"06/11/2021","1,004.86","1,004.25","1,007.66","995.24","81.07M","0.25%"
"06/10/2021","1,002.38","1,003.59","1,013.53","998.55","123.54M","0.57%"
"06/09/2021","996.73","1,004.30","1,011.87","995.70","95.65M","-0.93%"
"06/08/2021","1,006.11","1,024.99","1,024.99","993.95","140.18M","-0.05%"
"06/07/2021","1,006.60","996.76","1,010.18","982.66","135.00M","0.31%"
"06/04/2021","1,003.48","984.95","1,005.23","981.41","202.59M","3.03%"
"06/03/2021","974.00","992.21","1,008.74","971.96","253.44M","-2.11%"
"06/02/2021","994.99","1,012.74","1,015.83","986.30","121.67M","-1.98%"
"06/01/2021","1,015.14","1,017.65","1,023.16","1,011.43","124.62M","0.34%"
"05/28/2021","1,011.67","1,018.76","1,023.53","1,005.84","192.33M","-0.86%"
"05/27/2021","1,020.48","1,000.66","1,020.69","999.83","347.80M","2.53%"
"05/26/2021","995.33","975.44","1,002.45","970.79","272.31M","2.62%"
"05/25/2021","969.94","974.99","986.59","960.69","161.79M","-0.36%"
"05/24/2021","973.40","949.85","984.04","939.28","159.18M","2.74%"
"05/21/2021","947.47","956.53","958.51","946.96","246.62M","0.29%"
"05/20/2021","944.69","933.03","947.00","928.47","155.15M","2.98%"
"05/19/2021","917.33","902.99","920.64","894.67","129.25M","-1.88%"
"05/18/2021","934.94","926.93","959.20","922.42","126.35M","-0.10%"
"05/17/2021","935.90","946.67","946.67","917.34","104.25M","-1.19%"
"05/14/2021","947.15","936.31","949.06","922.88","97.37M","2.82%"
"05/13/2021","921.16","949.26","956.69","904.91","122.07M","-1.51%"
"05/12/2021","935.24","957.84","976.59","931.43","115.64M","-4.10%"
"05/11/2021","975.21","958.65","987.76","951.75","133.84M","-1.94%"
"05/10/2021","994.55","1,039.97","1,039.97","993.40","105.11M","-5.13%"
"05/07/2021","1,048.28","1,036.17","1,056.74","1,026.73","86.66M","1.43%"
"05/06/2021","1,033.55","1,047.17","1,048.96","1,015.16","105.16M","-0.46%"
"05/05/2021","1,038.28","1,034.55","1,050.85","1,029.55","83.00M","0.55%"
"05/04/2021","1,032.64","1,041.84","1,045.67","1,013.31","130.63M","-1.77%"
"05/03/2021","1,051.21","1,071.84","1,074.88","1,046.16","106.94M","-2.34%"
"04/30/2021","1,076.40","1,028.82","1,083.27","1,027.69","152.99M","3.47%"
"04/29/2021","1,040.32","1,072.52","1,072.99","1,029.10","287.74M","-2.87%"
"04/28/2021","1,071.03","1,073.28","1,084.78","1,070.60","101.25M","-1.08%"
"04/27/2021","1,082.74","1,093.01","1,100.16","1,080.64","86.74M","-2.89%"
"04/26/2021","1,115.01","1,116.94","1,128.78","1,109.28","87.38M","1.02%"
"04/23/2021","1,103.75","1,087.01","1,110.30","1,080.97","99.80M","1.67%"
"04/22/2021","1,085.57","1,110.54","1,124.51","1,081.38","132.55M","-2.46%"
"04/21/2021","1,112.92","1,060.56","1,113.55","1,055.18","102.46M","3.34%"
"04/20/2021","1,076.91","1,085.43","1,100.55","1,066.97","155.00M","-0.54%"
"04/19/2021","1,082.80","1,089.22","1,095.16","1,058.49","113.09M","-2.61%"
"04/16/2021","1,111.79","1,099.87","1,122.11","1,095.91","80.41M","0.16%"
"04/15/2021","1,110.02","1,116.76","1,116.76","1,090.44","87.47M","0.71%"
"04/14/2021","1,102.22","1,143.29","1,156.93","1,097.87","122.15M","-2.75%"
"04/13/2021","1,133.33","1,084.58","1,134.11","1,081.56","119.78M","5.62%"
"04/12/2021","1,072.99","1,055.70","1,075.73","1,052.73","87.03M","2.53%"
"04/09/2021","1,046.53","1,045.76","1,049.07","1,036.80","81.11M","-0.53%"
"04/08/2021","1,052.15","1,047.34","1,057.47","1,036.40","101.46M","1.05%"
"04/07/2021","1,041.26","1,063.69","1,066.43","1,038.75","91.58M","-2.60%"
"04/06/2021","1,069.11","1,064.19","1,075.80","1,058.32","142.00M","0.39%"
"04/05/2021","1,064.91","1,073.68","1,080.60","1,055.99","154.04M","4.08%"
"04/01/2021","1,023.17","1,051.66","1,053.27","1,020.00","120.58M","-0.50%"
"03/31/2021","1,028.27","996.37","1,034.61","996.37","124.36M","3.25%"
"03/30/2021","995.91","961.16","997.59","939.71","113.61M","3.64%"
"03/29/2021","960.93","968.88","970.97","947.43","98.37M","-1.34%"
"03/26/2021","973.96","999.77","1,000.76","948.03","108.88M","-2.24%"
"03/25/2021","996.25","957.37","1,002.50","956.17","118.73M","1.61%"
"03/24/2021","980.42","1,023.17","1,023.66","980.31","119.16M","-3.51%"
"03/23/2021","1,016.04","1,038.64","1,039.72","1,009.70","132.66M","-1.96%"
"03/22/2021","1,036.40","1,056.24","1,067.01","1,034.72","156.48M","1.11%"
"03/19/2021","1,025.02","1,015.56","1,028.25","989.94","173.81M","0.31%"
"03/18/2021","1,021.82","1,060.20","1,066.61","1,019.91","151.32M","-5.38%"
"03/17/2021","1,079.88","1,019.04","1,079.94","1,016.31","180.97M","3.49%"
"03/16/2021","1,043.46","1,080.05","1,081.94","1,036.74","178.85M","-3.91%"
"03/15/2021","1,085.95","1,072.96","1,088.32","1,060.07","119.75M","1.22%"
"03/12/2021","1,072.89","1,037.25","1,073.62","1,033.25","156.23M","0.27%"
"03/11/2021","1,070.04","1,070.74","1,073.22","1,046.68","119.76M","3.29%"
"03/10/2021","1,036.00","1,063.22","1,083.61","1,020.94","152.19M","0.31%"
"03/09/2021","1,032.82","965.80","1,038.40","948.03","155.68M","12.69%"
"03/08/2021","916.51","952.21","977.48","911.59","172.36M","-3.35%"
"03/05/2021","948.24","972.94","975.31","870.54","204.73M","-1.74%"
"03/04/2021","965.05","1,009.05","1,026.04","936.58","186.35M","-4.26%"
"03/03/2021","1,007.98","1,049.15","1,063.03","1,006.59","137.66M","-3.71%"
"03/02/2021","1,046.85","1,075.65","1,077.52","1,046.40","170.75M","-2.64%"
"03/01/2021","1,075.21","1,040.36","1,075.69","1,035.79","92.24M","5.24%"
"02/26/2021","1,021.72","1,047.24","1,054.70","998.70","136.43M","-0.49%"
"02/25/2021","1,026.71","1,084.40","1,095.41","1,014.05","141.25M","-6.90%"
"02/24/2021","1,102.77","1,061.96","1,106.14","1,044.12","159.03M","5.32%"
"02/23/2021","1,047.08","1,009.64","1,063.22","954.76","170.08M","-1.96%"
"02/22/2021","1,068.02","1,117.37","1,123.61","1,065.21","121.54M","-6.17%"
"02/19/2021","1,138.26","1,149.08","1,153.43","1,133.82","90.90M","-0.14%"
"02/18/2021","1,139.81","1,136.17","1,149.77","1,128.11","82.55M","-1.43%"
"02/17/2021","1,156.35","1,134.05","1,158.12","1,115.22","100.22M","0.04%"
"02/16/2021","1,155.83","1,179.57","1,183.13","1,153.09","95.94M","-1.73%"
"02/12/2021","1,176.23","1,158.74","1,177.18","1,142.10","90.82M","0.47%"
"02/11/2021","1,170.76","1,174.97","1,192.26","1,154.70","118.75M","0.33%"
"02/10/2021","1,166.94","1,211.88","1,211.88","1,155.30","176.98M","-4.12%"
"02/09/2021","1,217.10","1,221.57","1,226.77","1,209.00","149.80M","-1.20%"
"02/08/2021","1,231.90","1,234.10","1,243.40","1,220.66","131.89M","1.55%"
"02/05/2021","1,213.10","1,205.04","1,226.58","1,197.16","161.88M","0.56%"
"02/04/2021","1,206.39","1,213.60","1,214.95","1,191.97","149.40M","-0.43%"
"02/03/2021","1,211.54","1,230.53","1,231.47","1,207.53","143.46M","-1.06%"
"02/02/2021","1,224.57","1,192.33","1,232.92","1,192.33","143.51M","3.21%"
"02/01/2021","1,186.54","1,155.39","1,189.42","1,134.30","211.07M","4.97%"
"01/29/2021","1,130.35","1,171.72","1,185.95","1,113.61","148.04M","-4.10%"
"01/28/2021","1,178.71","1,158.55","1,194.99","1,139.29","150.76M","-2.21%"
"01/27/2021","1,205.37","1,219.90","1,237.27","1,199.01","163.11M","-2.60%"
"01/26/2021","1,237.51","1,252.07","1,256.17","1,227.19","121.57M","-0.15%"
"01/25/2021","1,239.34","1,215.53","1,260.13","1,185.78","205.52M","2.57%"
"01/22/2021","1,208.31","1,193.87","1,209.97","1,189.39","181.55M","-0.01%"
"01/21/2021","1,208.47","1,216.64","1,221.25","1,205.92","350.26M","-0.21%"
"01/20/2021","1,211.02","1,214.92","1,217.01","1,194.68","203.68M","1.27%"
"01/19/2021","1,195.88","1,187.60","1,200.21","1,183.85","173.36M","2.57%"
"01/15/2021","1,165.96","1,198.59","1,204.57","1,159.38","174.15M","-2.29%"
"01/14/2021","1,193.30","1,186.16","1,213.43","1,184.25","189.71M","-0.32%"
"01/13/2021","1,197.10","1,199.27","1,208.64","1,174.09","179.19M","0.27%"
"01/12/2021","1,193.90","1,164.50","1,213.19","1,161.70","242.34M","4.65%"
"01/11/2021","1,140.80","1,172.38","1,183.28","1,133.23","187.46M","-5.70%"
"01/08/2021","1,209.78","1,185.82","1,216.75","1,165.60","160.45M","5.89%"
"01/07/2021","1,142.45","1,098.67","1,143.67","1,098.33","149.33M","6.56%"
"01/06/2021","1,072.15","1,067.12","1,093.94","1,061.16","149.40M","2.91%"
"01/05/2021","1,041.80","1,022.67","1,046.87","1,020.23","124.83M","1.10%"
"01/04/2021","1,030.48","1,025.08","1,050.03","1,016.65","155.89M","2.09%"